"_id","default","land","landCode","maxItem","no","x","y"
"62413351f4647c619e52b1a5","true","Grass","L1","12","L000000","z1","c0"
"62413351f4647c619e52b1a6","false","Grass","L1","24","L000001","z1","c1"
"62413351f4647c619e52b1a7","false","Grass","L1","24","L000002","z1","c2"
"62413351f4647c619e52b1a8","false","Grass","L1","24","L000003","z1","c3"
"62413351f4647c619e52b1a9","false","Grass","L1","24","L000004","z1","c4"
"62413351f4647c619e52b1aa","false","Grass","L1","24","L000005","z1","c5"
"62413351f4647c619e52b1ab","false","Grass","L1","24","L000006","z1","c6"
"62413351f4647c619e52b1ac","false","Grass","L1","24","L000007","z1","c7"
"62413351f4647c619e52b1ad","false","Grass","L1","24","L000008","z1","c8"
"62413351f4647c619e52b1ae","false","Grass","L1","24","L000009","z1","c9"
"62413351f4647c619e52b1af","false","Grass","L1","24","L000010","z1","c10"
"62413351f4647c619e52b1b0","false","Grass","L1","24","L000011","z1","c11"
"62413351f4647c619e52b1b1","false","Grass","L1","24","L000012","z1","c12"
"62413351f4647c619e52b1b2","false","Grass","L1","24","L000013","z1","c13"
"62413351f4647c619e52b1b3","false","Grass","L1","24","L000014","z1","c14"
"62413351f4647c619e52b1b4","false","Grass","L1","24","L000015","z1","c15"
"62413351f4647c619e52b1b5","false","Grass","L1","24","L000016","z1","c16"
"62413351f4647c619e52b1b6","false","Grass","L1","24","L000017","z1","c17"
"62413351f4647c619e52b1b7","false","Grass","L1","24","L000018","z1","c18"
"62413351f4647c619e52b1b8","false","Grass","L1","24","L000019","z1","c19"
"62413351f4647c619e52b1b9","false","Grass","L1","24","L000020","z1","c20"
"62413351f4647c619e52b1ba","false","Grass","L1","24","L000021","z1","c21"
"62413351f4647c619e52b1bb","false","Grass","L1","24","L000022","z1","c22"
"62413351f4647c619e52b1bc","false","Grass","L1","24","L000023","z1","c23"
"62413351f4647c619e52b1bd","false","Grass","L1","24","L000024","z1","c24"
"62413351f4647c619e52b1be","false","Grass","L1","24","L000025","z1","c25"
"62413351f4647c619e52b1bf","false","Grass","L1","24","L000026","z1","c26"
"62413351f4647c619e52b1c0","false","Grass","L1","24","L000027","z1","c27"
"62413351f4647c619e52b1c1","false","Grass","L1","24","L000028","z1","c28"
"62413351f4647c619e52b1c2","false","Grass","L1","24","L000029","z1","c29"
"62413351f4647c619e52b1c3","false","Grass","L1","24","L000030","z1","c30"
"62413351f4647c619e52b1c4","false","Grass","L1","24","L000031","z1","c31"
"62413351f4647c619e52b1c5","false","Grass","L1","24","L000032","z1","c32"
"62413351f4647c619e52b1c6","false","Grass","L1","24","L000033","z1","c33"
"62413351f4647c619e52b1c7","false","Grass","L1","24","L000034","z1","c34"
"62413351f4647c619e52b1c8","false","Grass","L1","24","L000035","z1","c35"
"62413351f4647c619e52b1c9","false","Grass","L1","24","L000036","z1","c36"
"62413351f4647c619e52b1ca","false","Grass","L1","24","L000037","z1","c37"
"62413351f4647c619e52b1cb","false","Grass","L1","24","L000038","z1","c38"
"62413351f4647c619e52b1cc","false","Grass","L1","24","L000039","z1","c39"
"62413351f4647c619e52b1cd","false","Grass","L1","24","L000040","z1","c40"
"62413351f4647c619e52b1ce","false","Grass","L1","24","L000041","z1","c41"
"62413351f4647c619e52b1cf","false","Grass","L1","24","L000042","z1","c42"
"62413351f4647c619e52b1d0","false","Grass","L1","24","L000043","z1","c43"
"62413351f4647c619e52b1d1","false","Grass","L1","24","L000044","z1","c44"
"62413351f4647c619e52b1d2","false","Grass","L1","24","L000045","z1","c45"
"62413351f4647c619e52b1d3","false","Grass","L1","24","L000046","z1","c46"
"62413351f4647c619e52b1d4","false","Grass","L1","24","L000047","z1","c47"
"62413351f4647c619e52b1d5","false","Grass","L1","24","L000048","z1","c48"
"62413351f4647c619e52b1d6","false","Grass","L1","24","L000049","z1","c49"
"62413351f4647c619e52b1d7","false","Grass","L1","24","L000050","z1","c50"
"62413351f4647c619e52b1d8","false","Grass","L1","26","L000051","z1","c51"
"62413351f4647c619e52b1d9","false","Grass","L1","26","L000052","z1","c52"
"62413351f4647c619e52b1da","false","Grass","L1","26","L000053","z1","c53"
"62413351f4647c619e52b1db","false","Grass","L1","26","L000054","z1","c54"
"62413351f4647c619e52b1dc","false","Grass","L1","26","L000055","z1","c55"
"62413351f4647c619e52b1dd","false","Grass","L1","26","L000056","z1","c56"
"62413351f4647c619e52b1de","false","Grass","L1","26","L000057","z1","c57"
"62413351f4647c619e52b1df","false","Grass","L1","26","L000058","z1","c58"
"62413351f4647c619e52b1e0","false","Grass","L1","26","L000059","z1","c59"
"62413351f4647c619e52b1e1","false","Grass","L1","26","L000060","z1","c60"
"62413351f4647c619e52b1e2","false","Grass","L1","26","L000061","z1","c61"
"62413351f4647c619e52b1e3","false","Grass","L1","26","L000062","z1","c62"
"62413351f4647c619e52b1e4","false","Grass","L1","26","L000063","z1","c63"
"62413351f4647c619e52b1e5","false","Grass","L1","26","L000064","z1","c64"
"62413351f4647c619e52b1e6","false","Grass","L1","26","L000065","z1","c65"
"62413351f4647c619e52b1e7","false","Grass","L1","26","L000066","z1","c66"
"62413351f4647c619e52b1e8","false","Grass","L1","26","L000067","z1","c67"
"62413351f4647c619e52b1e9","false","Grass","L1","26","L000068","z1","c68"
"62413351f4647c619e52b1ea","false","Grass","L1","26","L000069","z1","c69"
"62413351f4647c619e52b1eb","false","Grass","L1","26","L000070","z1","c70"
"62413351f4647c619e52b1ec","false","Grass","L1","26","L000071","z1","c71"
"62413351f4647c619e52b1ed","false","Grass","L1","26","L000072","z1","c72"
"62413351f4647c619e52b1ee","false","Grass","L1","26","L000073","z1","c73"
"62413351f4647c619e52b1ef","false","Grass","L1","26","L000074","z1","c74"
"62413351f4647c619e52b1f0","false","Grass","L1","26","L000075","z1","c75"
"62413351f4647c619e52b1f1","false","Grass","L1","26","L000076","z1","c76"
"62413351f4647c619e52b1f2","false","Grass","L1","26","L000077","z1","c77"
"62413351f4647c619e52b1f3","false","Grass","L1","26","L000078","z1","c78"
"62413351f4647c619e52b1f4","false","Grass","L1","26","L000079","z1","c79"
"62413351f4647c619e52b1f5","false","Grass","L1","26","L000080","z1","c80"
"62413351f4647c619e52b1f6","false","Grass","L1","28","L000081","z1","c81"
"62413351f4647c619e52b1f7","false","Grass","L1","28","L000082","z1","c82"
"62413351f4647c619e52b1f8","false","Grass","L1","28","L000083","z1","c83"
"62413351f4647c619e52b1f9","false","Grass","L1","28","L000084","z1","c84"
"62413351f4647c619e52b1fa","false","Grass","L1","28","L000085","z1","c85"
"62413351f4647c619e52b1fb","false","Grass","L1","28","L000086","z1","c86"
"62413351f4647c619e52b1fc","false","Grass","L1","28","L000087","z1","c87"
"62413351f4647c619e52b1fd","false","Grass","L1","28","L000088","z1","c88"
"62413351f4647c619e52b1fe","false","Grass","L1","28","L000089","z1","c89"
"62413351f4647c619e52b1ff","false","Grass","L1","28","L000090","z1","c90"
"62413351f4647c619e52b200","false","Grass","L1","28","L000091","z1","c91"
"62413351f4647c619e52b201","false","Grass","L1","28","L000092","z1","c92"
"62413351f4647c619e52b202","false","Grass","L1","28","L000093","z1","c93"
"62413351f4647c619e52b203","false","Grass","L1","28","L000094","z1","c94"
"62413351f4647c619e52b204","false","Grass","L1","28","L000095","z1","c95"
"62413351f4647c619e52b205","false","Grass","L1","30","L000096","z1","c96"
"62413351f4647c619e52b206","false","Grass","L1","30","L000097","z1","c97"
"62413351f4647c619e52b207","false","Grass","L1","30","L000098","z1","c98"
"62413351f4647c619e52b208","false","Grass","L1","30","L000099","z1","c99"
"62413351f4647c619e52b209","false","Grass","L1","30","L000100","z1","c100"
"62413351f4647c619e52b20a","false","Desert","L2","24","L000101","z2","c1"
"62413351f4647c619e52b20b","false","Desert","L2","24","L000102","z2","c2"
"62413351f4647c619e52b20c","false","Desert","L2","24","L000103","z2","c3"
"62413351f4647c619e52b20d","false","Desert","L2","24","L000104","z2","c4"
"62413351f4647c619e52b20e","false","Desert","L2","24","L000105","z2","c5"
"62413351f4647c619e52b20f","false","Desert","L2","24","L000106","z2","c6"
"62413351f4647c619e52b210","false","Desert","L2","24","L000107","z2","c7"
"62413351f4647c619e52b211","false","Desert","L2","24","L000108","z2","c8"
"62413351f4647c619e52b212","false","Desert","L2","24","L000109","z2","c9"
"62413351f4647c619e52b213","false","Desert","L2","24","L000110","z2","c10"
"62413351f4647c619e52b214","false","Desert","L2","24","L000111","z2","c11"
"62413351f4647c619e52b215","false","Desert","L2","24","L000112","z2","c12"
"62413351f4647c619e52b216","false","Desert","L2","24","L000113","z2","c13"
"62413351f4647c619e52b217","false","Desert","L2","24","L000114","z2","c14"
"62413351f4647c619e52b218","false","Desert","L2","24","L000115","z2","c15"
"62413351f4647c619e52b219","false","Desert","L2","24","L000116","z2","c16"
"62413351f4647c619e52b21a","false","Desert","L2","24","L000117","z2","c17"
"62413351f4647c619e52b21b","false","Desert","L2","24","L000118","z2","c18"
"62413351f4647c619e52b21c","false","Desert","L2","24","L000119","z2","c19"
"62413351f4647c619e52b21d","false","Desert","L2","24","L000120","z2","c20"
"62413351f4647c619e52b21e","false","Desert","L2","24","L000121","z2","c21"
"62413351f4647c619e52b21f","false","Desert","L2","24","L000122","z2","c22"
"62413351f4647c619e52b220","false","Desert","L2","24","L000123","z2","c23"
"62413351f4647c619e52b221","false","Desert","L2","24","L000124","z2","c24"
"62413351f4647c619e52b222","false","Desert","L2","24","L000125","z2","c25"
"62413351f4647c619e52b223","false","Desert","L2","24","L000126","z2","c26"
"62413351f4647c619e52b224","false","Desert","L2","24","L000127","z2","c27"
"62413351f4647c619e52b225","false","Desert","L2","24","L000128","z2","c28"
"62413351f4647c619e52b226","false","Desert","L2","24","L000129","z2","c29"
"62413351f4647c619e52b227","false","Desert","L2","24","L000130","z2","c30"
"62413351f4647c619e52b228","false","Desert","L2","24","L000131","z2","c31"
"62413351f4647c619e52b229","false","Desert","L2","24","L000132","z2","c32"
"62413351f4647c619e52b22a","false","Desert","L2","24","L000133","z2","c33"
"62413351f4647c619e52b22b","false","Desert","L2","24","L000134","z2","c34"
"62413351f4647c619e52b22c","false","Desert","L2","24","L000135","z2","c35"
"62413351f4647c619e52b22d","false","Desert","L2","24","L000136","z2","c36"
"62413351f4647c619e52b22e","false","Desert","L2","24","L000137","z2","c37"
"62413351f4647c619e52b22f","false","Desert","L2","24","L000138","z2","c38"
"62413351f4647c619e52b230","false","Desert","L2","24","L000139","z2","c39"
"62413351f4647c619e52b231","false","Desert","L2","24","L000140","z2","c40"
"62413351f4647c619e52b232","false","Desert","L2","24","L000141","z2","c41"
"62413351f4647c619e52b233","false","Desert","L2","24","L000142","z2","c42"
"62413351f4647c619e52b234","false","Desert","L2","24","L000143","z2","c43"
"62413351f4647c619e52b235","false","Desert","L2","24","L000144","z2","c44"
"62413351f4647c619e52b236","false","Desert","L2","24","L000145","z2","c45"
"62413351f4647c619e52b237","false","Desert","L2","24","L000146","z2","c46"
"62413351f4647c619e52b238","false","Desert","L2","24","L000147","z2","c47"
"62413351f4647c619e52b239","false","Desert","L2","24","L000148","z2","c48"
"62413351f4647c619e52b23a","false","Desert","L2","24","L000149","z2","c49"
"62413351f4647c619e52b23b","false","Desert","L2","24","L000150","z2","c50"
"62413351f4647c619e52b23c","false","Desert","L2","26","L000151","z2","c51"
"62413351f4647c619e52b23d","false","Desert","L2","26","L000152","z2","c52"
"62413351f4647c619e52b23e","false","Desert","L2","26","L000153","z2","c53"
"62413351f4647c619e52b23f","false","Desert","L2","26","L000154","z2","c54"
"62413351f4647c619e52b240","false","Desert","L2","26","L000155","z2","c55"
"62413351f4647c619e52b241","false","Desert","L2","26","L000156","z2","c56"
"62413351f4647c619e52b242","false","Desert","L2","26","L000157","z2","c57"
"62413351f4647c619e52b243","false","Desert","L2","26","L000158","z2","c58"
"62413351f4647c619e52b244","false","Desert","L2","26","L000159","z2","c59"
"62413351f4647c619e52b245","false","Desert","L2","26","L000160","z2","c60"
"62413351f4647c619e52b246","false","Desert","L2","26","L000161","z2","c61"
"62413351f4647c619e52b247","false","Desert","L2","26","L000162","z2","c62"
"62413351f4647c619e52b248","false","Desert","L2","26","L000163","z2","c63"
"62413351f4647c619e52b249","false","Desert","L2","26","L000164","z2","c64"
"62413351f4647c619e52b24a","false","Desert","L2","26","L000165","z2","c65"
"62413351f4647c619e52b24b","false","Desert","L2","26","L000166","z2","c66"
"62413351f4647c619e52b24c","false","Desert","L2","26","L000167","z2","c67"
"62413351f4647c619e52b24d","false","Desert","L2","26","L000168","z2","c68"
"62413351f4647c619e52b24e","false","Desert","L2","26","L000169","z2","c69"
"62413351f4647c619e52b24f","false","Desert","L2","26","L000170","z2","c70"
"62413351f4647c619e52b250","false","Desert","L2","26","L000171","z2","c71"
"62413351f4647c619e52b251","false","Desert","L2","26","L000172","z2","c72"
"62413351f4647c619e52b252","false","Desert","L2","26","L000173","z2","c73"
"62413351f4647c619e52b253","false","Desert","L2","26","L000174","z2","c74"
"62413351f4647c619e52b254","false","Desert","L2","26","L000175","z2","c75"
"62413351f4647c619e52b255","false","Desert","L2","26","L000176","z2","c76"
"62413351f4647c619e52b256","false","Desert","L2","26","L000177","z2","c77"
"62413351f4647c619e52b257","false","Desert","L2","26","L000178","z2","c78"
"62413351f4647c619e52b258","false","Desert","L2","26","L000179","z2","c79"
"62413351f4647c619e52b259","false","Desert","L2","26","L000180","z2","c80"
"62413351f4647c619e52b25a","false","Desert","L2","28","L000181","z2","c81"
"62413351f4647c619e52b25b","false","Desert","L2","28","L000182","z2","c82"
"62413351f4647c619e52b25c","false","Desert","L2","28","L000183","z2","c83"
"62413351f4647c619e52b25d","false","Desert","L2","28","L000184","z2","c84"
"62413351f4647c619e52b25e","false","Desert","L2","28","L000185","z2","c85"
"62413351f4647c619e52b25f","false","Desert","L2","28","L000186","z2","c86"
"62413351f4647c619e52b260","false","Desert","L2","28","L000187","z2","c87"
"62413351f4647c619e52b261","false","Desert","L2","28","L000188","z2","c88"
"62413351f4647c619e52b262","false","Desert","L2","28","L000189","z2","c89"
"62413351f4647c619e52b263","false","Desert","L2","28","L000190","z2","c90"
"62413351f4647c619e52b264","false","Desert","L2","28","L000191","z2","c91"
"62413351f4647c619e52b265","false","Desert","L2","28","L000192","z2","c92"
"62413351f4647c619e52b266","false","Desert","L2","28","L000193","z2","c93"
"62413351f4647c619e52b267","false","Desert","L2","28","L000194","z2","c94"
"62413351f4647c619e52b268","false","Desert","L2","28","L000195","z2","c95"
"62413351f4647c619e52b269","false","Desert","L2","30","L000196","z2","c96"
"62413351f4647c619e52b26a","false","Desert","L2","30","L000197","z2","c97"
"62413351f4647c619e52b26b","false","Desert","L2","30","L000198","z2","c98"
"62413351f4647c619e52b26c","false","Desert","L2","30","L000199","z2","c99"
"62413351f4647c619e52b26d","false","Desert","L2","30","L000200","z2","c100"
"62413351f4647c619e52b26e","false","Snow","L3","24","L000201","z3","c1"
"62413351f4647c619e52b26f","false","Snow","L3","24","L000202","z3","c2"
"62413351f4647c619e52b270","false","Snow","L3","24","L000203","z3","c3"
"62413351f4647c619e52b271","false","Snow","L3","24","L000204","z3","c4"
"62413351f4647c619e52b272","false","Snow","L3","24","L000205","z3","c5"
"62413351f4647c619e52b273","false","Snow","L3","24","L000206","z3","c6"
"62413351f4647c619e52b274","false","Snow","L3","24","L000207","z3","c7"
"62413351f4647c619e52b275","false","Snow","L3","24","L000208","z3","c8"
"62413351f4647c619e52b276","false","Snow","L3","24","L000209","z3","c9"
"62413351f4647c619e52b277","false","Snow","L3","24","L000210","z3","c10"
"62413351f4647c619e52b278","false","Snow","L3","24","L000211","z3","c11"
"62413351f4647c619e52b279","false","Snow","L3","24","L000212","z3","c12"
"62413351f4647c619e52b27a","false","Snow","L3","24","L000213","z3","c13"
"62413351f4647c619e52b27b","false","Snow","L3","24","L000214","z3","c14"
"62413351f4647c619e52b27c","false","Snow","L3","24","L000215","z3","c15"
"62413351f4647c619e52b27d","false","Snow","L3","24","L000216","z3","c16"
"62413351f4647c619e52b27e","false","Snow","L3","24","L000217","z3","c17"
"62413351f4647c619e52b27f","false","Snow","L3","24","L000218","z3","c18"
"62413351f4647c619e52b280","false","Snow","L3","24","L000219","z3","c19"
"62413351f4647c619e52b281","false","Snow","L3","24","L000220","z3","c20"
"62413351f4647c619e52b282","false","Snow","L3","24","L000221","z3","c21"
"62413351f4647c619e52b283","false","Snow","L3","24","L000222","z3","c22"
"62413351f4647c619e52b284","false","Snow","L3","24","L000223","z3","c23"
"62413351f4647c619e52b285","false","Snow","L3","24","L000224","z3","c24"
"62413351f4647c619e52b286","false","Snow","L3","24","L000225","z3","c25"
"62413351f4647c619e52b287","false","Snow","L3","24","L000226","z3","c26"
"62413351f4647c619e52b288","false","Snow","L3","24","L000227","z3","c27"
"62413351f4647c619e52b289","false","Snow","L3","24","L000228","z3","c28"
"62413351f4647c619e52b28a","false","Snow","L3","24","L000229","z3","c29"
"62413351f4647c619e52b28b","false","Snow","L3","24","L000230","z3","c30"
"62413351f4647c619e52b28c","false","Snow","L3","24","L000231","z3","c31"
"62413351f4647c619e52b28d","false","Snow","L3","24","L000232","z3","c32"
"62413351f4647c619e52b28e","false","Snow","L3","24","L000233","z3","c33"
"62413351f4647c619e52b28f","false","Snow","L3","24","L000234","z3","c34"
"62413351f4647c619e52b290","false","Snow","L3","24","L000235","z3","c35"
"62413351f4647c619e52b291","false","Snow","L3","24","L000236","z3","c36"
"62413351f4647c619e52b292","false","Snow","L3","24","L000237","z3","c37"
"62413351f4647c619e52b293","false","Snow","L3","24","L000238","z3","c38"
"62413351f4647c619e52b294","false","Snow","L3","24","L000239","z3","c39"
"62413351f4647c619e52b295","false","Snow","L3","24","L000240","z3","c40"
"62413351f4647c619e52b296","false","Snow","L3","24","L000241","z3","c41"
"62413351f4647c619e52b297","false","Snow","L3","24","L000242","z3","c42"
"62413351f4647c619e52b298","false","Snow","L3","24","L000243","z3","c43"
"62413351f4647c619e52b299","false","Snow","L3","24","L000244","z3","c44"
"62413351f4647c619e52b29a","false","Snow","L3","24","L000245","z3","c45"
"62413351f4647c619e52b29b","false","Snow","L3","24","L000246","z3","c46"
"62413351f4647c619e52b29c","false","Snow","L3","24","L000247","z3","c47"
"62413351f4647c619e52b29d","false","Snow","L3","24","L000248","z3","c48"
"62413351f4647c619e52b29e","false","Snow","L3","24","L000249","z3","c49"
"62413351f4647c619e52b29f","false","Snow","L3","24","L000250","z3","c50"
"62413351f4647c619e52b2a0","false","Snow","L3","26","L000251","z3","c51"
"62413351f4647c619e52b2a1","false","Snow","L3","26","L000252","z3","c52"
"62413351f4647c619e52b2a2","false","Snow","L3","26","L000253","z3","c53"
"62413351f4647c619e52b2a3","false","Snow","L3","26","L000254","z3","c54"
"62413351f4647c619e52b2a4","false","Snow","L3","26","L000255","z3","c55"
"62413351f4647c619e52b2a5","false","Snow","L3","26","L000256","z3","c56"
"62413351f4647c619e52b2a6","false","Snow","L3","26","L000257","z3","c57"
"62413351f4647c619e52b2a7","false","Snow","L3","26","L000258","z3","c58"
"62413351f4647c619e52b2a8","false","Snow","L3","26","L000259","z3","c59"
"62413351f4647c619e52b2a9","false","Snow","L3","26","L000260","z3","c60"
"62413351f4647c619e52b2aa","false","Snow","L3","26","L000261","z3","c61"
"62413351f4647c619e52b2ab","false","Snow","L3","26","L000262","z3","c62"
"62413351f4647c619e52b2ac","false","Snow","L3","26","L000263","z3","c63"
"62413351f4647c619e52b2ad","false","Snow","L3","26","L000264","z3","c64"
"62413351f4647c619e52b2ae","false","Snow","L3","26","L000265","z3","c65"
"62413351f4647c619e52b2af","false","Snow","L3","26","L000266","z3","c66"
"62413351f4647c619e52b2b0","false","Snow","L3","26","L000267","z3","c67"
"62413351f4647c619e52b2b1","false","Snow","L3","26","L000268","z3","c68"
"62413351f4647c619e52b2b2","false","Snow","L3","26","L000269","z3","c69"
"62413351f4647c619e52b2b3","false","Snow","L3","26","L000270","z3","c70"
"62413351f4647c619e52b2b4","false","Snow","L3","26","L000271","z3","c71"
"62413351f4647c619e52b2b5","false","Snow","L3","26","L000272","z3","c72"
"62413351f4647c619e52b2b6","false","Snow","L3","26","L000273","z3","c73"
"62413351f4647c619e52b2b7","false","Snow","L3","26","L000274","z3","c74"
"62413351f4647c619e52b2b8","false","Snow","L3","26","L000275","z3","c75"
"62413351f4647c619e52b2b9","false","Snow","L3","26","L000276","z3","c76"
"62413351f4647c619e52b2ba","false","Snow","L3","26","L000277","z3","c77"
"62413351f4647c619e52b2bb","false","Snow","L3","26","L000278","z3","c78"
"62413351f4647c619e52b2bc","false","Snow","L3","26","L000279","z3","c79"
"62413351f4647c619e52b2bd","false","Snow","L3","26","L000280","z3","c80"
"62413351f4647c619e52b2be","false","Snow","L3","28","L000281","z3","c81"
"62413351f4647c619e52b2bf","false","Snow","L3","28","L000282","z3","c82"
"62413351f4647c619e52b2c0","false","Snow","L3","28","L000283","z3","c83"
"62413351f4647c619e52b2c1","false","Snow","L3","28","L000284","z3","c84"
"62413351f4647c619e52b2c2","false","Snow","L3","28","L000285","z3","c85"
"62413351f4647c619e52b2c3","false","Snow","L3","28","L000286","z3","c86"
"62413351f4647c619e52b2c4","false","Snow","L3","28","L000287","z3","c87"
"62413351f4647c619e52b2c5","false","Snow","L3","28","L000288","z3","c88"
"62413351f4647c619e52b2c6","false","Snow","L3","28","L000289","z3","c89"
"62413351f4647c619e52b2c7","false","Snow","L3","28","L000290","z3","c90"
"62413351f4647c619e52b2c8","false","Snow","L3","28","L000291","z3","c91"
"62413351f4647c619e52b2c9","false","Snow","L3","28","L000292","z3","c92"
"62413351f4647c619e52b2ca","false","Snow","L3","28","L000293","z3","c93"
"62413351f4647c619e52b2cb","false","Snow","L3","28","L000294","z3","c94"
"62413351f4647c619e52b2cc","false","Snow","L3","28","L000295","z3","c95"
"62413351f4647c619e52b2cd","false","Snow","L3","30","L000296","z3","c96"
"62413351f4647c619e52b2ce","false","Snow","L3","30","L000297","z3","c97"
"62413351f4647c619e52b2cf","false","Snow","L3","30","L000298","z3","c98"
"62413351f4647c619e52b2d0","false","Snow","L3","30","L000299","z3","c99"
"62413351f4647c619e52b2d1","false","Snow","L3","30","L000300","z3","c100"
"62413351f4647c619e52b2d2","false","Lava","L4","24","L000301","z4","c1"
"62413351f4647c619e52b2d3","false","Lava","L4","24","L000302","z4","c2"
"62413351f4647c619e52b2d4","false","Lava","L4","24","L000303","z4","c3"
"62413351f4647c619e52b2d5","false","Lava","L4","24","L000304","z4","c4"
"62413351f4647c619e52b2d6","false","Lava","L4","24","L000305","z4","c5"
"62413351f4647c619e52b2d7","false","Lava","L4","24","L000306","z4","c6"
"62413351f4647c619e52b2d8","false","Lava","L4","24","L000307","z4","c7"
"62413351f4647c619e52b2d9","false","Lava","L4","24","L000308","z4","c8"
"62413351f4647c619e52b2da","false","Lava","L4","24","L000309","z4","c9"
"62413351f4647c619e52b2db","false","Lava","L4","24","L000310","z4","c10"
"62413351f4647c619e52b2dc","false","Lava","L4","24","L000311","z4","c11"
"62413351f4647c619e52b2dd","false","Lava","L4","24","L000312","z4","c12"
"62413351f4647c619e52b2de","false","Lava","L4","24","L000313","z4","c13"
"62413351f4647c619e52b2df","false","Lava","L4","24","L000314","z4","c14"
"62413351f4647c619e52b2e0","false","Lava","L4","24","L000315","z4","c15"
"62413351f4647c619e52b2e1","false","Lava","L4","24","L000316","z4","c16"
"62413351f4647c619e52b2e2","false","Lava","L4","24","L000317","z4","c17"
"62413351f4647c619e52b2e3","false","Lava","L4","24","L000318","z4","c18"
"62413351f4647c619e52b2e4","false","Lava","L4","24","L000319","z4","c19"
"62413351f4647c619e52b2e5","false","Lava","L4","24","L000320","z4","c20"
"62413351f4647c619e52b2e6","false","Lava","L4","24","L000321","z4","c21"
"62413351f4647c619e52b2e7","false","Lava","L4","24","L000322","z4","c22"
"62413351f4647c619e52b2e8","false","Lava","L4","24","L000323","z4","c23"
"62413351f4647c619e52b2e9","false","Lava","L4","24","L000324","z4","c24"
"62413351f4647c619e52b2ea","false","Lava","L4","24","L000325","z4","c25"
"62413351f4647c619e52b2eb","false","Lava","L4","24","L000326","z4","c26"
"62413351f4647c619e52b2ec","false","Lava","L4","24","L000327","z4","c27"
"62413351f4647c619e52b2ed","false","Lava","L4","24","L000328","z4","c28"
"62413351f4647c619e52b2ee","false","Lava","L4","24","L000329","z4","c29"
"62413351f4647c619e52b2ef","false","Lava","L4","24","L000330","z4","c30"
"62413351f4647c619e52b2f0","false","Lava","L4","24","L000331","z4","c31"
"62413351f4647c619e52b2f1","false","Lava","L4","24","L000332","z4","c32"
"62413351f4647c619e52b2f2","false","Lava","L4","24","L000333","z4","c33"
"62413351f4647c619e52b2f3","false","Lava","L4","24","L000334","z4","c34"
"62413351f4647c619e52b2f4","false","Lava","L4","24","L000335","z4","c35"
"62413351f4647c619e52b2f5","false","Lava","L4","24","L000336","z4","c36"
"62413351f4647c619e52b2f6","false","Lava","L4","24","L000337","z4","c37"
"62413351f4647c619e52b2f7","false","Lava","L4","24","L000338","z4","c38"
"62413351f4647c619e52b2f8","false","Lava","L4","24","L000339","z4","c39"
"62413351f4647c619e52b2f9","false","Lava","L4","24","L000340","z4","c40"
"62413351f4647c619e52b2fa","false","Lava","L4","24","L000341","z4","c41"
"62413351f4647c619e52b2fb","false","Lava","L4","24","L000342","z4","c42"
"62413351f4647c619e52b2fc","false","Lava","L4","24","L000343","z4","c43"
"62413351f4647c619e52b2fd","false","Lava","L4","24","L000344","z4","c44"
"62413351f4647c619e52b2fe","false","Lava","L4","24","L000345","z4","c45"
"62413351f4647c619e52b2ff","false","Lava","L4","24","L000346","z4","c46"
"62413351f4647c619e52b300","false","Lava","L4","24","L000347","z4","c47"
"62413351f4647c619e52b301","false","Lava","L4","24","L000348","z4","c48"
"62413351f4647c619e52b302","false","Lava","L4","24","L000349","z4","c49"
"62413351f4647c619e52b303","false","Lava","L4","24","L000350","z4","c50"
"62413351f4647c619e52b304","false","Lava","L4","26","L000351","z4","c51"
"62413351f4647c619e52b305","false","Lava","L4","26","L000352","z4","c52"
"62413351f4647c619e52b306","false","Lava","L4","26","L000353","z4","c53"
"62413351f4647c619e52b307","false","Lava","L4","26","L000354","z4","c54"
"62413351f4647c619e52b308","false","Lava","L4","26","L000355","z4","c55"
"62413351f4647c619e52b309","false","Lava","L4","26","L000356","z4","c56"
"62413351f4647c619e52b30a","false","Lava","L4","26","L000357","z4","c57"
"62413351f4647c619e52b30b","false","Lava","L4","26","L000358","z4","c58"
"62413351f4647c619e52b30c","false","Lava","L4","26","L000359","z4","c59"
"62413351f4647c619e52b30d","false","Lava","L4","26","L000360","z4","c60"
"62413351f4647c619e52b30e","false","Lava","L4","26","L000361","z4","c61"
"62413351f4647c619e52b30f","false","Lava","L4","26","L000362","z4","c62"
"62413351f4647c619e52b310","false","Lava","L4","26","L000363","z4","c63"
"62413351f4647c619e52b311","false","Lava","L4","26","L000364","z4","c64"
"62413351f4647c619e52b312","false","Lava","L4","26","L000365","z4","c65"
"62413351f4647c619e52b313","false","Lava","L4","26","L000366","z4","c66"
"62413351f4647c619e52b314","false","Lava","L4","26","L000367","z4","c67"
"62413351f4647c619e52b315","false","Lava","L4","26","L000368","z4","c68"
"62413351f4647c619e52b316","false","Lava","L4","26","L000369","z4","c69"
"62413351f4647c619e52b317","false","Lava","L4","26","L000370","z4","c70"
"62413351f4647c619e52b318","false","Lava","L4","26","L000371","z4","c71"
"62413351f4647c619e52b319","false","Lava","L4","26","L000372","z4","c72"
"62413351f4647c619e52b31a","false","Lava","L4","26","L000373","z4","c73"
"62413351f4647c619e52b31b","false","Lava","L4","26","L000374","z4","c74"
"62413351f4647c619e52b31c","false","Lava","L4","26","L000375","z4","c75"
"62413351f4647c619e52b31d","false","Lava","L4","26","L000376","z4","c76"
"62413351f4647c619e52b31e","false","Lava","L4","26","L000377","z4","c77"
"62413351f4647c619e52b31f","false","Lava","L4","26","L000378","z4","c78"
"62413351f4647c619e52b320","false","Lava","L4","26","L000379","z4","c79"
"62413351f4647c619e52b321","false","Lava","L4","26","L000380","z4","c80"
"62413351f4647c619e52b322","false","Lava","L4","28","L000381","z4","c81"
"62413351f4647c619e52b323","false","Lava","L4","28","L000382","z4","c82"
"62413351f4647c619e52b324","false","Lava","L4","28","L000383","z4","c83"
"62413351f4647c619e52b325","false","Lava","L4","28","L000384","z4","c84"
"62413351f4647c619e52b326","false","Lava","L4","28","L000385","z4","c85"
"62413351f4647c619e52b327","false","Lava","L4","28","L000386","z4","c86"
"62413351f4647c619e52b328","false","Lava","L4","28","L000387","z4","c87"
"62413351f4647c619e52b329","false","Lava","L4","28","L000388","z4","c88"
"62413351f4647c619e52b32a","false","Lava","L4","28","L000389","z4","c89"
"62413351f4647c619e52b32b","false","Lava","L4","28","L000390","z4","c90"
"62413351f4647c619e52b32c","false","Lava","L4","28","L000391","z4","c91"
"62413351f4647c619e52b32d","false","Lava","L4","28","L000392","z4","c92"
"62413351f4647c619e52b32e","false","Lava","L4","28","L000393","z4","c93"
"62413351f4647c619e52b32f","false","Lava","L4","28","L000394","z4","c94"
"62413351f4647c619e52b330","false","Lava","L4","28","L000395","z4","c95"
"62413351f4647c619e52b331","false","Lava","L4","30","L000396","z4","c96"
"62413351f4647c619e52b332","false","Lava","L4","30","L000397","z4","c97"
"62413351f4647c619e52b333","false","Lava","L4","30","L000398","z4","c98"
"62413351f4647c619e52b334","false","Lava","L4","30","L000399","z4","c99"
"62413351f4647c619e52b335","false","Lava","L4","30","L000400","z4","c100"
"62413351f4647c619e52b336","false","Glass","L5","24","L000401","z5","c1"
"62413351f4647c619e52b337","false","Glass","L5","24","L000402","z5","c2"
"62413351f4647c619e52b338","false","Glass","L5","24","L000403","z5","c3"
"62413351f4647c619e52b339","false","Glass","L5","24","L000404","z5","c4"
"62413351f4647c619e52b33a","false","Glass","L5","24","L000405","z5","c5"
"62413351f4647c619e52b33b","false","Glass","L5","24","L000406","z5","c6"
"62413351f4647c619e52b33c","false","Glass","L5","24","L000407","z5","c7"
"62413351f4647c619e52b33d","false","Glass","L5","24","L000408","z5","c8"
"62413351f4647c619e52b33e","false","Glass","L5","24","L000409","z5","c9"
"62413351f4647c619e52b33f","false","Glass","L5","24","L000410","z5","c10"
"62413351f4647c619e52b340","false","Glass","L5","24","L000411","z5","c11"
"62413351f4647c619e52b341","false","Glass","L5","24","L000412","z5","c12"
"62413351f4647c619e52b342","false","Glass","L5","24","L000413","z5","c13"
"62413351f4647c619e52b343","false","Glass","L5","24","L000414","z5","c14"
"62413351f4647c619e52b344","false","Glass","L5","24","L000415","z5","c15"
"62413351f4647c619e52b345","false","Glass","L5","24","L000416","z5","c16"
"62413351f4647c619e52b346","false","Glass","L5","24","L000417","z5","c17"
"62413351f4647c619e52b347","false","Glass","L5","24","L000418","z5","c18"
"62413351f4647c619e52b348","false","Glass","L5","24","L000419","z5","c19"
"62413351f4647c619e52b349","false","Glass","L5","24","L000420","z5","c20"
"62413351f4647c619e52b34a","false","Glass","L5","24","L000421","z5","c21"
"62413351f4647c619e52b34b","false","Glass","L5","24","L000422","z5","c22"
"62413351f4647c619e52b34c","false","Glass","L5","24","L000423","z5","c23"
"62413351f4647c619e52b34d","false","Glass","L5","24","L000424","z5","c24"
"62413351f4647c619e52b34e","false","Glass","L5","24","L000425","z5","c25"
"62413351f4647c619e52b34f","false","Glass","L5","24","L000426","z5","c26"
"62413351f4647c619e52b350","false","Glass","L5","24","L000427","z5","c27"
"62413351f4647c619e52b351","false","Glass","L5","24","L000428","z5","c28"
"62413351f4647c619e52b352","false","Glass","L5","24","L000429","z5","c29"
"62413351f4647c619e52b353","false","Glass","L5","24","L000430","z5","c30"
"62413351f4647c619e52b354","false","Glass","L5","24","L000431","z5","c31"
"62413351f4647c619e52b355","false","Glass","L5","24","L000432","z5","c32"
"62413351f4647c619e52b356","false","Glass","L5","24","L000433","z5","c33"
"62413351f4647c619e52b357","false","Glass","L5","24","L000434","z5","c34"
"62413351f4647c619e52b358","false","Glass","L5","24","L000435","z5","c35"
"62413351f4647c619e52b359","false","Glass","L5","24","L000436","z5","c36"
"62413351f4647c619e52b35a","false","Glass","L5","24","L000437","z5","c37"
"62413351f4647c619e52b35b","false","Glass","L5","24","L000438","z5","c38"
"62413351f4647c619e52b35c","false","Glass","L5","24","L000439","z5","c39"
"62413351f4647c619e52b35d","false","Glass","L5","24","L000440","z5","c40"
"62413351f4647c619e52b35e","false","Glass","L5","24","L000441","z5","c41"
"62413351f4647c619e52b35f","false","Glass","L5","24","L000442","z5","c42"
"62413351f4647c619e52b360","false","Glass","L5","24","L000443","z5","c43"
"62413351f4647c619e52b361","false","Glass","L5","24","L000444","z5","c44"
"62413351f4647c619e52b362","false","Glass","L5","24","L000445","z5","c45"
"62413351f4647c619e52b363","false","Glass","L5","24","L000446","z5","c46"
"62413351f4647c619e52b364","false","Glass","L5","24","L000447","z5","c47"
"62413351f4647c619e52b365","false","Glass","L5","24","L000448","z5","c48"
"62413351f4647c619e52b366","false","Glass","L5","24","L000449","z5","c49"
"62413351f4647c619e52b367","false","Glass","L5","24","L000450","z5","c50"
"62413351f4647c619e52b368","false","Glass","L5","26","L000451","z5","c51"
"62413351f4647c619e52b369","false","Glass","L5","26","L000452","z5","c52"
"62413351f4647c619e52b36a","false","Glass","L5","26","L000453","z5","c53"
"62413351f4647c619e52b36b","false","Glass","L5","26","L000454","z5","c54"
"62413351f4647c619e52b36c","false","Glass","L5","26","L000455","z5","c55"
"62413351f4647c619e52b36d","false","Glass","L5","26","L000456","z5","c56"
"62413351f4647c619e52b36e","false","Glass","L5","26","L000457","z5","c57"
"62413351f4647c619e52b36f","false","Glass","L5","26","L000458","z5","c58"
"62413351f4647c619e52b370","false","Glass","L5","26","L000459","z5","c59"
"62413351f4647c619e52b371","false","Glass","L5","26","L000460","z5","c60"
"62413351f4647c619e52b372","false","Glass","L5","26","L000461","z5","c61"
"62413351f4647c619e52b373","false","Glass","L5","26","L000462","z5","c62"
"62413351f4647c619e52b374","false","Glass","L5","26","L000463","z5","c63"
"62413351f4647c619e52b375","false","Glass","L5","26","L000464","z5","c64"
"62413351f4647c619e52b376","false","Glass","L5","26","L000465","z5","c65"
"62413351f4647c619e52b377","false","Glass","L5","26","L000466","z5","c66"
"62413351f4647c619e52b378","false","Glass","L5","26","L000467","z5","c67"
"62413351f4647c619e52b379","false","Glass","L5","26","L000468","z5","c68"
"62413351f4647c619e52b37a","false","Glass","L5","26","L000469","z5","c69"
"62413351f4647c619e52b37b","false","Glass","L5","26","L000470","z5","c70"
"62413351f4647c619e52b37c","false","Glass","L5","26","L000471","z5","c71"
"62413351f4647c619e52b37d","false","Glass","L5","26","L000472","z5","c72"
"62413351f4647c619e52b37e","false","Glass","L5","26","L000473","z5","c73"
"62413351f4647c619e52b37f","false","Glass","L5","26","L000474","z5","c74"
"62413351f4647c619e52b380","false","Glass","L5","26","L000475","z5","c75"
"62413351f4647c619e52b381","false","Glass","L5","26","L000476","z5","c76"
"62413351f4647c619e52b382","false","Glass","L5","26","L000477","z5","c77"
"62413351f4647c619e52b383","false","Glass","L5","26","L000478","z5","c78"
"62413351f4647c619e52b384","false","Glass","L5","26","L000479","z5","c79"
"62413351f4647c619e52b385","false","Glass","L5","26","L000480","z5","c80"
"62413351f4647c619e52b386","false","Glass","L5","28","L000481","z5","c81"
"62413351f4647c619e52b387","false","Glass","L5","28","L000482","z5","c82"
"62413351f4647c619e52b388","false","Glass","L5","28","L000483","z5","c83"
"62413351f4647c619e52b389","false","Glass","L5","28","L000484","z5","c84"
"62413351f4647c619e52b38a","false","Glass","L5","28","L000485","z5","c85"
"62413351f4647c619e52b38b","false","Glass","L5","28","L000486","z5","c86"
"62413351f4647c619e52b38c","false","Glass","L5","28","L000487","z5","c87"
"62413351f4647c619e52b38d","false","Glass","L5","28","L000488","z5","c88"
"62413351f4647c619e52b38e","false","Glass","L5","28","L000489","z5","c89"
"62413351f4647c619e52b38f","false","Glass","L5","28","L000490","z5","c90"
"62413351f4647c619e52b390","false","Glass","L5","28","L000491","z5","c91"
"62413351f4647c619e52b391","false","Glass","L5","28","L000492","z5","c92"
"62413351f4647c619e52b392","false","Glass","L5","28","L000493","z5","c93"
"62413351f4647c619e52b393","false","Glass","L5","28","L000494","z5","c94"
"62413351f4647c619e52b394","false","Glass","L5","28","L000495","z5","c95"
"62413351f4647c619e52b395","false","Glass","L5","30","L000496","z5","c96"
"62413351f4647c619e52b396","false","Glass","L5","30","L000497","z5","c97"
"62413351f4647c619e52b397","false","Glass","L5","30","L000498","z5","c98"
"62413351f4647c619e52b398","false","Glass","L5","30","L000499","z5","c99"
"62413351f4647c619e52b399","false","Glass","L5","30","L000500","z5","c100"
"6241bc6cf4647c619e52b410","false",,,,"Mon001",,
"6241bc6cf4647c619e52b411","false",,,,"Mon002",,
"6241bc6cf4647c619e52b412","false",,,,"Mon003",,
"6241bc6cf4647c619e52b413","false",,,,"Mon004",,
"6241bc6cf4647c619e52b414","false",,,,"Mon005",,
"6241bc6cf4647c619e52b415","false",,,,"Mon006",,
"6241bc6cf4647c619e52b416","false",,,,"Mon007",,
"6241bc6cf4647c619e52b417","false",,,,"Mon008",,
"6241bc6cf4647c619e52b418","false",,,,"Mon009",,
"6241bc6cf4647c619e52b419","false",,,,"Mon010",,
"6241bc6cf4647c619e52b41a","false",,,,"Mon011",,
"6241bc6cf4647c619e52b41b","false",,,,"Mon012",,
"6241bc6cf4647c619e52b41c","false",,,,"Mon013",,
"6241bc6cf4647c619e52b41d","false",,,,"Mon014",,
"6241bc6cf4647c619e52b41e","false",,,,"Mon015",,
"6241bc6cf4647c619e52b41f","false",,,,"Mon016",,
"6241bc6cf4647c619e52b420","false",,,,"Mon017",,
"6241bc6cf4647c619e52b421","false",,,,"Mon018",,
"6241bc6cf4647c619e52b422","false",,,,"Mon019",,
"6241bc6cf4647c619e52b423","false",,,,"Mon020",,
"6241bc6cf4647c619e52b424","false",,,,"Mon021",,
"6241bc6cf4647c619e52b425","false",,,,"Mon022",,
"6241bc6cf4647c619e52b426","false",,,,"Mon023",,
"6241bc6cf4647c619e52b427","false",,,,"Mon024",,
"6241bc6cf4647c619e52b428","false",,,,"Mon025",,
"6241bc6cf4647c619e52b429","false",,,,"Mon026",,
"6241bc6cf4647c619e52b42a","false",,,,"Mon027",,
"6241bc6cf4647c619e52b42b","false",,,,"Mon028",,
"6241bc6cf4647c619e52b42c","false",,,,"Mon029",,
"6241bc6cf4647c619e52b42d","false",,,,"Mon030",,
"6241bc6cf4647c619e52b42e","false",,,,"Mon031",,
"6241bc6cf4647c619e52b42f","false",,,,"Mon032",,
"6241bc6cf4647c619e52b430","false",,,,"Mon033",,
"6241bc6cf4647c619e52b431","false",,,,"Mon034",,
"6241bc6cf4647c619e52b432","false",,,,"Mon035",,
